Name,age,team,pos,PA,AB,H,2B,3B,HR,BB,SO,P/PA,BA,OBP,SLG,OPS,Year,total,Offensive Score,Estimated WAR,Allocated Budget
Bartolome Fortunato,26,Padres,C,777,660,247,56,37,16,117,98,3.335907335907336,0.3742424242424242,0.4684684684684684,0.6439393939393939,1.1124078624078624,2017,356,864.3409090909091,7.273745992311896,70.0
Audry Perez,25,Braves,SS,716,592,227,51,24,21,124,102,3.472067039106145,0.3834459459459459,0.4902234636871508,0.6570945945945946,1.1473180582817455,2018,323,821.4797297297298,6.417170632486989,24.684202115180106
Jason Pearson,28,White Sox,1B,740,616,229,41,27,18,124,82,3.418918918918919,0.3717532467532468,0.477027027027027,0.6136363636363636,1.090663390663391,2019,315,807.0909090909091,6.129611834529201,23.57808231639312
Brian Broderick,28,Phillies,2B,751,652,236,60,24,19,99,121,3.463382157123835,0.3619631901840491,0.4460719041278295,0.6150306748466258,1.0611025789744553,2022,339,796.8880368098158,5.92570869593893,22.79375125008155
Jim Chamblee,27,Twins,3B,686,571,205,45,37,21,115,94,3.488338192419825,0.3590192644483362,0.466472303206997,0.6777583187390543,1.1442306219460514,2023,308,784.9422066549913,5.686972760162417,21.87543281531363
Brian Fitzgerald,31,Mariners,P,712,606,216,50,31,20,106,62,3.3918539325842696,0.3564356435643564,0.4522471910112359,0.6402640264026402,1.0925112174138762,2023,317,777.8679867986799,5.545595352699178,21.331612384129258
Chris Reed,25,Dodgers,CF,628,577,222,46,24,27,51,96,3.159235668789809,0.3847487001733102,0.4347133757961783,0.6880415944540728,1.122754970250251,2019,319,705.0901213171577,4.091138726883917,15.73691911890236
